Type,Name,Path,Module,ExecutionClass,Layer
function,_normalize,timesfm.timesfm_base._normalize,timesfm.timesfm_base,A-PureUtility,L1-Interface
function,_renormalize,timesfm.timesfm_base._renormalize,timesfm.timesfm_base,A-PureUtility,L1-Interface
function,freq_map,timesfm.timesfm_base.freq_map,timesfm.timesfm_base,A-PureUtility,L1-Interface
function,linear_interpolation,timesfm.timesfm_base.linear_interpolation,timesfm.timesfm_base,A-PureUtility,L1-Interface
function,moving_average,timesfm.timesfm_base.moving_average,timesfm.timesfm_base,A-PureUtility,L1-Interface
function,strip_leading_nans,timesfm.timesfm_base.strip_leading_nans,timesfm.timesfm_base,A-PureUtility,L1-Interface
method,_forecast,timesfm.timesfm_base.TimesFmBase._forecast,timesfm.timesfm_base,C-RequiresModelCheckpoint,L1-Interface
method,forecast,timesfm.timesfm_base.TimesFmBase.forecast,timesfm.timesfm_base,C-RequiresModelCheckpoint,L1-Interface
method,forecast_on_df,timesfm.timesfm_base.TimesFmBase.forecast_on_df,timesfm.timesfm_base,C-RequiresModelCheckpoint,L1-Interface
method,forecast_with_covariates,timesfm.timesfm_base.TimesFmBase.forecast_with_covariates,timesfm.timesfm_base,C-RequiresModelCheckpoint,L1-Interface
method,load_from_checkpoint,timesfm.timesfm_base.TimesFmBase.load_from_checkpoint,timesfm.timesfm_base,C-RequiresModelCheckpoint,L1-Interface
method,_forecast,timesfm.timesfm_jax.TimesFmJax._forecast,timesfm.timesfm_jax,C-RequiresModelCheckpoint,L1-Interface
method,load_from_checkpoint,timesfm.timesfm_jax.TimesFmJax.load_from_checkpoint,timesfm.timesfm_jax,C-RequiresModelCheckpoint,L1-Interface
method,_forecast,timesfm.timesfm_torch.TimesFmTorch._forecast,timesfm.timesfm_torch,C-RequiresModelCheckpoint,L1-Interface
method,load_from_checkpoint,timesfm.timesfm_torch.TimesFmTorch.load_from_checkpoint,timesfm.timesfm_torch,C-RequiresModelCheckpoint,L1-Interface
method,__init__,timesfm.timesfm_base.TimesFmBase.__init__,timesfm.timesfm_base,Z-Other,L1-Interface
method,__post_init__,timesfm.timesfm_base.TimesFmBase.__post_init__,timesfm.timesfm_base,Z-Other,L1-Interface
method,_logging,timesfm.timesfm_base.TimesFmBase._logging,timesfm.timesfm_base,Z-Other,L1-Interface
method,_preprocess,timesfm.timesfm_base.TimesFmBase._preprocess,timesfm.timesfm_base,Z-Other,L1-Interface
function,process_group,timesfm.timesfm_base.process_group,timesfm.timesfm_base,Z-Other,L1-Interface
method,__post_init__,timesfm.timesfm_jax.TimesFmJax.__post_init__,timesfm.timesfm_jax,Z-Other,L1-Interface
method,_get_sample_inputs,timesfm.timesfm_jax.TimesFmJax._get_sample_inputs,timesfm.timesfm_jax,Z-Other,L1-Interface
method,jit_decode,timesfm.timesfm_jax.TimesFmJax.jit_decode,timesfm.timesfm_jax,Z-Other,L1-Interface
method,__post_init__,timesfm.timesfm_torch.TimesFmTorch.__post_init__,timesfm.timesfm_torch,Z-Other,L1-Interface
function,_distance_to_holiday,timesfm.time_features._distance_to_holiday,timesfm.time_features,A-PureUtility,L2-DataFeature
method,__init__,timesfm.data_loader.TimeSeriesdata.__init__,timesfm.data_loader,B-RequiresDataset,L2-DataFeature
method,_get_cat_cols,timesfm.data_loader.TimeSeriesdata._get_cat_cols,timesfm.data_loader,B-RequiresDataset,L2-DataFeature
method,_get_features_and_ts,timesfm.data_loader.TimeSeriesdata._get_features_and_ts,timesfm.data_loader,B-RequiresDataset,L2-DataFeature
method,_normalize_data,timesfm.data_loader.TimeSeriesdata._normalize_data,timesfm.data_loader,B-RequiresDataset,L2-DataFeature
method,test_val_gen,timesfm.data_loader.TimeSeriesdata.test_val_gen,timesfm.data_loader,B-RequiresDataset,L2-DataFeature
method,tf_dataset,timesfm.data_loader.TimeSeriesdata.tf_dataset,timesfm.data_loader,B-RequiresDataset,L2-DataFeature
method,train_gen,timesfm.data_loader.TimeSeriesdata.train_gen,timesfm.data_loader,B-RequiresDataset,L2-DataFeature
method,__init__,timesfm.xreg_lib.BatchedInContextXRegBase.__init__,timesfm.xreg_lib,E-CovariateEngine,L2-DataFeature
method,_assert_covariates,timesfm.xreg_lib.BatchedInContextXRegBase._assert_covariates,timesfm.xreg_lib,E-CovariateEngine,L2-DataFeature
method,create_covariate_matrix,timesfm.xreg_lib.BatchedInContextXRegBase.create_covariate_matrix,timesfm.xreg_lib,E-CovariateEngine,L2-DataFeature
method,fit,timesfm.xreg_lib.BatchedInContextXRegBase.fit,timesfm.xreg_lib,E-CovariateEngine,L2-DataFeature
method,fit,timesfm.xreg_lib.BatchedInContextXRegLinear.fit,timesfm.xreg_lib,E-CovariateEngine,L2-DataFeature
function,_repeat,timesfm.xreg_lib._repeat,timesfm.xreg_lib,E-CovariateEngine,L2-DataFeature
function,_to_padded_jax_array,timesfm.xreg_lib._to_padded_jax_array,timesfm.xreg_lib,E-CovariateEngine,L2-DataFeature
function,_unnest,timesfm.xreg_lib._unnest,timesfm.xreg_lib,E-CovariateEngine,L2-DataFeature
method,__init__,timesfm.time_features.TimeCovariates.__init__,timesfm.time_features,Z-Other,L2-DataFeature
method,_day_of_month,timesfm.time_features.TimeCovariates._day_of_month,timesfm.time_features,Z-Other,L2-DataFeature
method,_day_of_week,timesfm.time_features.TimeCovariates._day_of_week,timesfm.time_features,Z-Other,L2-DataFeature
method,_day_of_year,timesfm.time_features.TimeCovariates._day_of_year,timesfm.time_features,Z-Other,L2-DataFeature
method,_get_holidays,timesfm.time_features.TimeCovariates._get_holidays,timesfm.time_features,Z-Other,L2-DataFeature
method,_hour_of_day,timesfm.time_features.TimeCovariates._hour_of_day,timesfm.time_features,Z-Other,L2-DataFeature
method,_minute_of_hour,timesfm.time_features.TimeCovariates._minute_of_hour,timesfm.time_features,Z-Other,L2-DataFeature
method,_month_of_year,timesfm.time_features.TimeCovariates._month_of_year,timesfm.time_features,Z-Other,L2-DataFeature
method,_week_of_year,timesfm.time_features.TimeCovariates._week_of_year,timesfm.time_features,Z-Other,L2-DataFeature
method,get_covariates,timesfm.time_features.TimeCovariates.get_covariates,timesfm.time_features,Z-Other,L2-DataFeature
method,_quantile_loss,timesfm.patched_decoder.PatchedDecoderFinetuneModel._quantile_loss,timesfm.patched_decoder,D-BackendInternal,L3-Decoder
method,compute_loss,timesfm.patched_decoder.PatchedDecoderFinetuneModel.compute_loss,timesfm.patched_decoder,D-BackendInternal,L3-Decoder
method,compute_predictions,timesfm.patched_decoder.PatchedDecoderFinetuneModel.compute_predictions,timesfm.patched_decoder,D-BackendInternal,L3-Decoder
method,setup,timesfm.patched_decoder.PatchedDecoderFinetuneModel.setup,timesfm.patched_decoder,D-BackendInternal,L3-Decoder
method,__call__,timesfm.patched_decoder.PatchedTimeSeriesDecoder.__call__,timesfm.patched_decoder,D-BackendInternal,L3-Decoder
method,_forward_transform,timesfm.patched_decoder.PatchedTimeSeriesDecoder._forward_transform,timesfm.patched_decoder,D-BackendInternal,L3-Decoder
method,_postprocess_output,timesfm.patched_decoder.PatchedTimeSeriesDecoder._postprocess_output,timesfm.patched_decoder,D-BackendInternal,L3-Decoder
method,_preprocess_input,timesfm.patched_decoder.PatchedTimeSeriesDecoder._preprocess_input,timesfm.patched_decoder,D-BackendInternal,L3-Decoder
method,_reverse_transform,timesfm.patched_decoder.PatchedTimeSeriesDecoder._reverse_transform,timesfm.patched_decoder,D-BackendInternal,L3-Decoder
method,decode,timesfm.patched_decoder.PatchedTimeSeriesDecoder.decode,timesfm.patched_decoder,D-BackendInternal,L3-Decoder
method,setup,timesfm.patched_decoder.PatchedTimeSeriesDecoder.setup,timesfm.patched_decoder,D-BackendInternal,L3-Decoder
method,transform_decode_state,timesfm.patched_decoder.PatchedTimeSeriesDecoder.transform_decode_state,timesfm.patched_decoder,D-BackendInternal,L3-Decoder
method,__call__,timesfm.patched_decoder.ResidualBlock.__call__,timesfm.patched_decoder,D-BackendInternal,L3-Decoder
method,setup,timesfm.patched_decoder.ResidualBlock.setup,timesfm.patched_decoder,D-BackendInternal,L3-Decoder
function,_create_quantiles,timesfm.patched_decoder._create_quantiles,timesfm.patched_decoder,D-BackendInternal,L3-Decoder
function,_masked_mean_std,timesfm.patched_decoder._masked_mean_std,timesfm.patched_decoder,D-BackendInternal,L3-Decoder
function,_shift_padded_seq,timesfm.patched_decoder._shift_padded_seq,timesfm.patched_decoder,D-BackendInternal,L3-Decoder
method,__init__,timesfm.pytorch_patched_decoder.PatchedTimeSeriesDecoder.__init__,timesfm.pytorch_patched_decoder,D-BackendInternal,L3-Decoder
method,_forward_transform,timesfm.pytorch_patched_decoder.PatchedTimeSeriesDecoder._forward_transform,timesfm.pytorch_patched_decoder,D-BackendInternal,L3-Decoder
method,_postprocess_output,timesfm.pytorch_patched_decoder.PatchedTimeSeriesDecoder._postprocess_output,timesfm.pytorch_patched_decoder,D-BackendInternal,L3-Decoder
method,_preprocess_input,timesfm.pytorch_patched_decoder.PatchedTimeSeriesDecoder._preprocess_input,timesfm.pytorch_patched_decoder,D-BackendInternal,L3-Decoder
method,_reverse_transform,timesfm.pytorch_patched_decoder.PatchedTimeSeriesDecoder._reverse_transform,timesfm.pytorch_patched_decoder,D-BackendInternal,L3-Decoder
method,decode,timesfm.pytorch_patched_decoder.PatchedTimeSeriesDecoder.decode,timesfm.pytorch_patched_decoder,D-BackendInternal,L3-Decoder
method,forward,timesfm.pytorch_patched_decoder.PatchedTimeSeriesDecoder.forward,timesfm.pytorch_patched_decoder,D-BackendInternal,L3-Decoder
method,__init__,timesfm.pytorch_patched_decoder.PositionalEmbedding.__init__,timesfm.pytorch_patched_decoder,D-BackendInternal,L3-Decoder
method,forward,timesfm.pytorch_patched_decoder.PositionalEmbedding.forward,timesfm.pytorch_patched_decoder,D-BackendInternal,L3-Decoder
method,__init__,timesfm.pytorch_patched_decoder.RMSNorm.__init__,timesfm.pytorch_patched_decoder,D-BackendInternal,L3-Decoder
method,_norm,timesfm.pytorch_patched_decoder.RMSNorm._norm,timesfm.pytorch_patched_decoder,D-BackendInternal,L3-Decoder
method,forward,timesfm.pytorch_patched_decoder.RMSNorm.forward,timesfm.pytorch_patched_decoder,D-BackendInternal,L3-Decoder
method,__init__,timesfm.pytorch_patched_decoder.ResidualBlock.__init__,timesfm.pytorch_patched_decoder,D-BackendInternal,L3-Decoder
method,forward,timesfm.pytorch_patched_decoder.ResidualBlock.forward,timesfm.pytorch_patched_decoder,D-BackendInternal,L3-Decoder
method,__init__,timesfm.pytorch_patched_decoder.StackedDecoder.__init__,timesfm.pytorch_patched_decoder,D-BackendInternal,L3-Decoder
method,forward,timesfm.pytorch_patched_decoder.StackedDecoder.forward,timesfm.pytorch_patched_decoder,D-BackendInternal,L3-Decoder
method,__init__,timesfm.pytorch_patched_decoder.TimesFMAttention.__init__,timesfm.pytorch_patched_decoder,D-BackendInternal,L3-Decoder
method,_per_dim_scaling,timesfm.pytorch_patched_decoder.TimesFMAttention._per_dim_scaling,timesfm.pytorch_patched_decoder,D-BackendInternal,L3-Decoder
method,forward,timesfm.pytorch_patched_decoder.TimesFMAttention.forward,timesfm.pytorch_patched_decoder,D-BackendInternal,L3-Decoder
method,__init__,timesfm.pytorch_patched_decoder.TimesFMDecoderLayer.__init__,timesfm.pytorch_patched_decoder,D-BackendInternal,L3-Decoder
method,forward,timesfm.pytorch_patched_decoder.TimesFMDecoderLayer.forward,timesfm.pytorch_patched_decoder,D-BackendInternal,L3-Decoder
method,__init__,timesfm.pytorch_patched_decoder.TransformerMLP.__init__,timesfm.pytorch_patched_decoder,D-BackendInternal,L3-Decoder
method,forward,timesfm.pytorch_patched_decoder.TransformerMLP.forward,timesfm.pytorch_patched_decoder,D-BackendInternal,L3-Decoder
function,_masked_mean_std,timesfm.pytorch_patched_decoder._masked_mean_std,timesfm.pytorch_patched_decoder,D-BackendInternal,L3-Decoder
function,_shift_padded_seq,timesfm.pytorch_patched_decoder._shift_padded_seq,timesfm.pytorch_patched_decoder,D-BackendInternal,L3-Decoder
function,apply_mask_to_logits,timesfm.pytorch_patched_decoder.apply_mask_to_logits,timesfm.pytorch_patched_decoder,D-BackendInternal,L3-Decoder
function,causal_mask,timesfm.pytorch_patched_decoder.causal_mask,timesfm.pytorch_patched_decoder,D-BackendInternal,L3-Decoder
function,convert_paddings_to_mask,timesfm.pytorch_patched_decoder.convert_paddings_to_mask,timesfm.pytorch_patched_decoder,D-BackendInternal,L3-Decoder
function,create_quantiles,timesfm.pytorch_patched_decoder.create_quantiles,timesfm.pytorch_patched_decoder,D-BackendInternal,L3-Decoder
function,get_large_negative_number,timesfm.pytorch_patched_decoder.get_large_negative_number,timesfm.pytorch_patched_decoder,D-BackendInternal,L3-Decoder
function,merge_masks,timesfm.pytorch_patched_decoder.merge_masks,timesfm.pytorch_patched_decoder,D-BackendInternal,L3-Decoder
