Score,Type,Path,Name,Module
11,method,timesfm.timesfm_base.TimesFmBase.forecast_with_covariates,forecast_with_covariates,timesfm.timesfm_base
9,class,timesfm.timesfm_jax.TimesFmJax,TimesFmJax,timesfm.timesfm_jax
9,class,timesfm.timesfm_base.TimesFmBase,TimesFmBase,timesfm.timesfm_base
8,class,timesfm.timesfm_base.TimesFmHparams,TimesFmHparams,timesfm.timesfm_base
8,class,timesfm.timesfm_base.TimesFmCheckpoint,TimesFmCheckpoint,timesfm.timesfm_base
7,class,timesfm.timesfm_torch.TimesFmTorch,TimesFmTorch,timesfm.timesfm_torch
7,method,timesfm.timesfm_base.TimesFmBase.__init__,__init__,timesfm.timesfm_base
6,module,timesfm.timesfm_jax,timesfm_jax,timesfm.timesfm_jax
6,module,timesfm.timesfm_base,timesfm_base,timesfm.timesfm_base
6,module,timesfm.timesfm_torch,timesfm_torch,timesfm.timesfm_torch
5,method,timesfm.timesfm_base.TimesFmBase.load_from_checkpoint,load_from_checkpoint,timesfm.timesfm_base
5,method,timesfm.timesfm_jax.TimesFmJax.load_from_checkpoint,load_from_checkpoint,timesfm.timesfm_jax
5,method,timesfm.timesfm_jax.TimesFmJax._forecast,_forecast,timesfm.timesfm_jax
5,method,timesfm.timesfm_jax.TimesFmJax.jit_decode,jit_decode,timesfm.timesfm_jax
5,method,timesfm.timesfm_jax.TimesFmJax._get_sample_inputs,_get_sample_inputs,timesfm.timesfm_jax
5,method,timesfm.timesfm_jax.TimesFmJax.__post_init__,__post_init__,timesfm.timesfm_jax
5,class,timesfm.pytorch_patched_decoder.TimesFMAttention,TimesFMAttention,timesfm.pytorch_patched_decoder
5,class,timesfm.pytorch_patched_decoder.TimesFMConfig,TimesFMConfig,timesfm.pytorch_patched_decoder
5,method,timesfm.timesfm_base.TimesFmBase._preprocess,_preprocess,timesfm.timesfm_base
5,method,timesfm.timesfm_base.TimesFmBase._logging,_logging,timesfm.timesfm_base
5,method,timesfm.timesfm_torch.TimesFmTorch.__post_init__,__post_init__,timesfm.timesfm_torch
5,method,timesfm.timesfm_torch.TimesFmTorch.load_from_checkpoint,load_from_checkpoint,timesfm.timesfm_torch
5,method,timesfm.timesfm_torch.TimesFmTorch._forecast,_forecast,timesfm.timesfm_torch
5,method,timesfm.timesfm_base.TimesFmBase._forecast,_forecast,timesfm.timesfm_base
5,method,timesfm.timesfm_base.TimesFmBase.forecast,forecast,timesfm.timesfm_base
5,method,timesfm.timesfm_base.TimesFmBase.forecast_on_df,forecast_on_df,timesfm.timesfm_base
5,method,timesfm.timesfm_base.TimesFmBase.__post_init__,__post_init__,timesfm.timesfm_base
4,class,timesfm.pytorch_patched_decoder.TimesFMDecoderLayer,TimesFMDecoderLayer,timesfm.pytorch_patched_decoder
4,function,timesfm.timesfm_base.freq_map,freq_map,timesfm.timesfm_base
4,function,timesfm.timesfm_base._normalize,_normalize,timesfm.timesfm_base
4,function,timesfm.timesfm_base.moving_average,moving_average,timesfm.timesfm_base
4,function,timesfm.timesfm_base.strip_leading_nans,strip_leading_nans,timesfm.timesfm_base
4,function,timesfm.timesfm_base.linear_interpolation,linear_interpolation,timesfm.timesfm_base
4,function,timesfm.timesfm_base.process_group,process_group,timesfm.timesfm_base
4,module,timesfm,timesfm,timesfm
4,function,timesfm.timesfm_base._renormalize,_renormalize,timesfm.timesfm_base
3,method,timesfm.pytorch_patched_decoder.TimesFMAttention.__init__,__init__,timesfm.pytorch_patched_decoder
3,class,timesfm.pytorch_patched_decoder.ResidualBlock,ResidualBlock,timesfm.pytorch_patched_decoder
3,method,timesfm.pytorch_patched_decoder.TimesFMAttention.forward,forward,timesfm.pytorch_patched_decoder
3,method,timesfm.pytorch_patched_decoder.TimesFMDecoderLayer.forward,forward,timesfm.pytorch_patched_decoder
3,method,timesfm.pytorch_patched_decoder.TimesFMDecoderLayer.__init__,__init__,timesfm.pytorch_patched_decoder
3,method,timesfm.pytorch_patched_decoder.TimesFMAttention._per_dim_scaling,_per_dim_scaling,timesfm.pytorch_patched_decoder
2,method,timesfm.time_features.TimeCovariates._day_of_year,_day_of_year,timesfm.time_features
2,class,timesfm.time_features.TimeCovariates,TimeCovariates,timesfm.time_features
2,function,timesfm.time_features._distance_to_holiday,_distance_to_holiday,timesfm.time_features
2,module,timesfm.time_features,time_features,timesfm.time_features
2,method,timesfm.time_features.TimeCovariates._day_of_month,_day_of_month,timesfm.time_features
2,method,timesfm.time_features.TimeCovariates._day_of_week,_day_of_week,timesfm.time_features
2,method,timesfm.time_features.TimeCovariates._hour_of_day,_hour_of_day,timesfm.time_features
2,method,timesfm.time_features.TimeCovariates._minute_of_hour,_minute_of_hour,timesfm.time_features
2,method,timesfm.time_features.TimeCovariates._week_of_year,_week_of_year,timesfm.time_features
2,method,timesfm.time_features.TimeCovariates._month_of_year,_month_of_year,timesfm.time_features
2,method,timesfm.data_loader.TimeSeriesdata._normalize_data,_normalize_data,timesfm.data_loader
2,method,timesfm.data_loader.TimeSeriesdata.train_gen,train_gen,timesfm.data_loader
2,method,timesfm.data_loader.TimeSeriesdata.__init__,__init__,timesfm.data_loader
2,method,timesfm.data_loader.TimeSeriesdata._get_cat_cols,_get_cat_cols,timesfm.data_loader
2,module,timesfm.data_loader,data_loader,timesfm.data_loader
2,class,timesfm.data_loader.TimeSeriesdata,TimeSeriesdata,timesfm.data_loader
2,method,timesfm.patched_decoder.PatchedTimeSeriesDecoder._forward_transform,_forward_transform,timesfm.patched_decoder
2,method,timesfm.patched_decoder.PatchedTimeSeriesDecoder.transform_decode_state,transform_decode_state,timesfm.patched_decoder
2,method,timesfm.patched_decoder.PatchedTimeSeriesDecoder.setup,setup,timesfm.patched_decoder
2,class,timesfm.patched_decoder.PatchedTimeSeriesDecoder,PatchedTimeSeriesDecoder,timesfm.patched_decoder
2,external,huggingface_hub,huggingface_hub,timesfm.timesfm_torch
2,external,torch,torch,timesfm.timesfm_torch
2,external,numpy,numpy,timesfm.timesfm_torch
2,external,os,os,timesfm.timesfm_torch
2,method,timesfm.patched_decoder.PatchedDecoderFinetuneModel.compute_loss,compute_loss,timesfm.patched_decoder
2,external,logging,logging,timesfm.timesfm_torch
2,method,timesfm.patched_decoder.PatchedDecoderFinetuneModel._quantile_loss,_quantile_loss,timesfm.patched_decoder
2,method,timesfm.patched_decoder.PatchedTimeSeriesDecoder.__call__,__call__,timesfm.patched_decoder
2,function,timesfm.pytorch_patched_decoder.merge_masks,merge_masks,timesfm.pytorch_patched_decoder
2,method,timesfm.pytorch_patched_decoder.RMSNorm.forward,forward,timesfm.pytorch_patched_decoder
2,class,timesfm.pytorch_patched_decoder.TransformerMLP,TransformerMLP,timesfm.pytorch_patched_decoder
2,method,timesfm.pytorch_patched_decoder.TransformerMLP.forward,forward,timesfm.pytorch_patched_decoder
2,function,timesfm.pytorch_patched_decoder.get_large_negative_number,get_large_negative_number,timesfm.pytorch_patched_decoder
2,module,timesfm.pytorch_patched_decoder,pytorch_patched_decoder,timesfm.pytorch_patched_decoder
2,function,timesfm.pytorch_patched_decoder.create_quantiles,create_quantiles,timesfm.pytorch_patched_decoder
2,function,timesfm.pytorch_patched_decoder._masked_mean_std,_masked_mean_std,timesfm.pytorch_patched_decoder
2,method,timesfm.pytorch_patched_decoder.ResidualBlock.__init__,__init__,timesfm.pytorch_patched_decoder
2,function,timesfm.pytorch_patched_decoder.convert_paddings_to_mask,convert_paddings_to_mask,timesfm.pytorch_patched_decoder
2,function,timesfm.pytorch_patched_decoder.causal_mask,causal_mask,timesfm.pytorch_patched_decoder
2,function,timesfm.pytorch_patched_decoder.apply_mask_to_logits,apply_mask_to_logits,timesfm.pytorch_patched_decoder
2,method,timesfm.time_features.TimeCovariates.get_covariates,get_covariates,timesfm.time_features
2,function,timesfm.pytorch_patched_decoder._shift_padded_seq,_shift_padded_seq,timesfm.pytorch_patched_decoder
2,method,timesfm.time_features.TimeCovariates._get_holidays,_get_holidays,timesfm.time_features
2,method,timesfm.pytorch_patched_decoder.TransformerMLP.__init__,__init__,timesfm.pytorch_patched_decoder
2,method,timesfm.pytorch_patched_decoder.RMSNorm._norm,_norm,timesfm.pytorch_patched_decoder
2,method,timesfm.pytorch_patched_decoder.ResidualBlock.forward,forward,timesfm.pytorch_patched_decoder
2,class,timesfm.pytorch_patched_decoder.RMSNorm,RMSNorm,timesfm.pytorch_patched_decoder
2,method,timesfm.pytorch_patched_decoder.RMSNorm.__init__,__init__,timesfm.pytorch_patched_decoder
2,method,timesfm.time_features.TimeCovariates.__init__,__init__,timesfm.time_features
2,method,timesfm.data_loader.TimeSeriesdata.tf_dataset,tf_dataset,timesfm.data_loader
2,method,timesfm.data_loader.TimeSeriesdata._get_features_and_ts,_get_features_and_ts,timesfm.data_loader
2,method,timesfm.data_loader.TimeSeriesdata.test_val_gen,test_val_gen,timesfm.data_loader
2,class,timesfm.xreg_lib.BatchedInContextXRegLinear,BatchedInContextXRegLinear,timesfm.xreg_lib
2,external,jax.numpy,numpy,timesfm.timesfm_jax
2,external,numpy,numpy,timesfm.timesfm_jax
2,method,timesfm.xreg_lib.BatchedInContextXRegBase.fit,fit,timesfm.xreg_lib
2,method,timesfm.xreg_lib.BatchedInContextXRegBase.__init__,__init__,timesfm.xreg_lib
2,method,timesfm.xreg_lib.BatchedInContextXRegBase._assert_covariates,_assert_covariates,timesfm.xreg_lib
2,method,timesfm.xreg_lib.BatchedInContextXRegBase.create_covariate_matrix,create_covariate_matrix,timesfm.xreg_lib
2,method,timesfm.pytorch_patched_decoder.PositionalEmbedding.__init__,__init__,timesfm.pytorch_patched_decoder
2,class,timesfm.pytorch_patched_decoder.StackedDecoder,StackedDecoder,timesfm.pytorch_patched_decoder
2,method,timesfm.pytorch_patched_decoder.StackedDecoder.__init__,__init__,timesfm.pytorch_patched_decoder
2,method,timesfm.pytorch_patched_decoder.StackedDecoder.forward,forward,timesfm.pytorch_patched_decoder
2,class,timesfm.pytorch_patched_decoder.PositionalEmbedding,PositionalEmbedding,timesfm.pytorch_patched_decoder
2,method,timesfm.pytorch_patched_decoder.PatchedTimeSeriesDecoder._postprocess_output,_postprocess_output,timesfm.pytorch_patched_decoder
2,method,timesfm.pytorch_patched_decoder.PatchedTimeSeriesDecoder._preprocess_input,_preprocess_input,timesfm.pytorch_patched_decoder
2,method,timesfm.pytorch_patched_decoder.PatchedTimeSeriesDecoder._reverse_transform,_reverse_transform,timesfm.pytorch_patched_decoder
2,method,timesfm.pytorch_patched_decoder.PatchedTimeSeriesDecoder._forward_transform,_forward_transform,timesfm.pytorch_patched_decoder
2,method,timesfm.pytorch_patched_decoder.PatchedTimeSeriesDecoder.__init__,__init__,timesfm.pytorch_patched_decoder
2,class,timesfm.pytorch_patched_decoder.PatchedTimeSeriesDecoder,PatchedTimeSeriesDecoder,timesfm.pytorch_patched_decoder
2,method,timesfm.pytorch_patched_decoder.PositionalEmbedding.forward,forward,timesfm.pytorch_patched_decoder
2,method,timesfm.pytorch_patched_decoder.PatchedTimeSeriesDecoder.forward,forward,timesfm.pytorch_patched_decoder
2,external,logging,logging,timesfm.timesfm_jax
2,method,timesfm.pytorch_patched_decoder.PatchedTimeSeriesDecoder.decode,decode,timesfm.pytorch_patched_decoder
2,external,multiprocessing,multiprocessing,timesfm.timesfm_jax
2,external,jax,jax,timesfm.timesfm_jax
2,external,einshape,einshape,timesfm.timesfm_jax
2,external,typing,typing,timesfm.timesfm_jax
2,external,os,os,timesfm.timesfm_jax
2,external,time,time,timesfm.timesfm_jax
2,external,collections,collections,timesfm.timesfm_base
2,external,dataclasses,dataclasses,timesfm.timesfm_base
2,external,logging,logging,timesfm.timesfm_base
2,external,multiprocessing,multiprocessing,timesfm.timesfm_base
2,external,typing,typing,timesfm.timesfm_base
2,external,numpy,numpy,timesfm.timesfm_base
2,external,pandas,pandas,timesfm.timesfm_base
2,external,typing,typing,timesfm.timesfm_torch
2,external,utilsforecast.processing,processing,timesfm.timesfm_base
2,class,timesfm.patched_decoder.PatchedDecoderFinetuneModel,PatchedDecoderFinetuneModel,timesfm.patched_decoder
2,method,timesfm.patched_decoder.PatchedDecoderFinetuneModel.setup,setup,timesfm.patched_decoder
2,method,timesfm.patched_decoder.PatchedDecoderFinetuneModel.compute_predictions,compute_predictions,timesfm.patched_decoder
2,function,timesfm.patched_decoder._shift_padded_seq,_shift_padded_seq,timesfm.patched_decoder
2,class,timesfm.patched_decoder.ResidualBlock,ResidualBlock,timesfm.patched_decoder
2,method,timesfm.xreg_lib.BatchedInContextXRegLinear.fit,fit,timesfm.xreg_lib
2,module,timesfm.patched_decoder,patched_decoder,timesfm.patched_decoder
2,class,timesfm.xreg_lib.BatchedInContextXRegBase,BatchedInContextXRegBase,timesfm.xreg_lib
2,function,timesfm.xreg_lib._to_padded_jax_array,_to_padded_jax_array,timesfm.xreg_lib
2,function,timesfm.xreg_lib._repeat,_repeat,timesfm.xreg_lib
2,function,timesfm.xreg_lib._unnest,_unnest,timesfm.xreg_lib
2,module,timesfm.xreg_lib,xreg_lib,timesfm.xreg_lib
2,external,praxis.layers,layers,timesfm.timesfm_jax
2,external,praxis,praxis,timesfm.timesfm_jax
2,external,paxml,paxml,timesfm.timesfm_jax
2,external,huggingface_hub,huggingface_hub,timesfm.timesfm_jax
2,method,timesfm.patched_decoder.PatchedTimeSeriesDecoder._preprocess_input,_preprocess_input,timesfm.patched_decoder
2,method,timesfm.patched_decoder.PatchedTimeSeriesDecoder._postprocess_output,_postprocess_output,timesfm.patched_decoder
2,function,timesfm.patched_decoder._create_quantiles,_create_quantiles,timesfm.patched_decoder
2,method,timesfm.patched_decoder.PatchedTimeSeriesDecoder._reverse_transform,_reverse_transform,timesfm.patched_decoder
2,method,timesfm.patched_decoder.ResidualBlock.setup,setup,timesfm.patched_decoder
2,function,timesfm.patched_decoder._masked_mean_std,_masked_mean_std,timesfm.patched_decoder
2,method,timesfm.patched_decoder.ResidualBlock.__call__,__call__,timesfm.patched_decoder
2,method,timesfm.patched_decoder.PatchedTimeSeriesDecoder.decode,decode,timesfm.patched_decoder
1,external,sklearn.preprocessing,preprocessing,timesfm.time_features
1,external,tqdm,tqdm,timesfm.time_features
1,external,pandas.tseries.holiday,holiday,timesfm.time_features
1,external,numpy,numpy,timesfm.time_features
1,external,pandas,pandas,timesfm.time_features
1,external,sys,sys,timesfm
1,external,tensorflow,tensorflow,timesfm.data_loader
1,external,numpy,numpy,timesfm.data_loader
1,external,pandas,pandas,timesfm.data_loader
1,external,sklearn.preprocessing,preprocessing,timesfm.data_loader
1,external,absl,absl,timesfm.data_loader
1,external,pandas.tseries.offsets,offsets,timesfm.time_features
1,external,torch,torch,timesfm.pytorch_patched_decoder
1,external,typing,typing,timesfm.pytorch_patched_decoder
1,external,torch.nn.functional,functional,timesfm.pytorch_patched_decoder
1,external,sklearn,sklearn,timesfm.xreg_lib
1,external,jax,jax,timesfm.xreg_lib
1,external,jax.numpy,numpy,timesfm.xreg_lib
1,external,numpy,numpy,timesfm.xreg_lib
1,external,typing,typing,timesfm.xreg_lib
1,external,math,math,timesfm.xreg_lib
1,external,itertools,itertools,timesfm.xreg_lib
1,external,math,math,timesfm.pytorch_patched_decoder
1,external,dataclasses,dataclasses,timesfm.pytorch_patched_decoder
1,external,praxis.layers,layers,timesfm.patched_decoder
1,external,dataclasses,dataclasses,timesfm.patched_decoder
1,external,jax,jax,timesfm.patched_decoder
1,external,einshape,einshape,timesfm.patched_decoder
1,external,praxis,praxis,timesfm.patched_decoder
1,external,jax.numpy,numpy,timesfm.patched_decoder
1,external,typing,typing,timesfm.patched_decoder
